donemKey,kovanNo,muayeneTarihi,citaSayisi,balCitasi,notMetni,hamBlokKolonu,hamKod
K01_D1,1,2025-04-22,3,,26'dan bölündü - şurup verildi.,16,26B2025
K01_D1,1,2025-04-23,3,,Güçlü - 1 temel petek verildi - besleme yapıldı.,16,26B2025
K01_D1,1,2025-04-25,3,,Temel petek alındı. Ana memesi gözlenmedi. Şerbet almamış. Yeni şerbet verildi. Varroa Vetorax. ,16,26B2025
K01_D1,1,2025-04-28,3,,Rüzgardan kapağı uçmuş. Arılar duruyordu. Kapağı kapatıldı. İşlem yapılmadı. Ortaya kova ile şerbet konuldu.,16,26B2025
K01_D1,1,2025-05-07,4,,İyi görünüyor. Varroa. 7'den 1 petek aktarımı yapıldı. ,16,26B2025
K01_D1,1,2025-05-10,4,,Varroa. İyi görünüyor.,16,26B2025
K01_D1,1,2025-05-24,5,,"Günlükler var. 1 Temel, 1 Kabarmış kara petek ilave. Besleme. Normal koloni düzeni. ",16,26B2025
K01_D1,1,2025-06-02,7,,Beslendi. Varroa. Fena değil.,16,26B2025
K01_D1,1,2025-06-08,7,,Fondan verildi.,16,26B2025
K01_D1,1,2025-06-14,7,,Varroa.,16,26B2025
K01_D1,1,2025-06-19,7,,Varroa,16,26B2025
K01_D1,1,2025-06-26,7,,İyi görünüyor. Varroa. 19'dan 1 petek aktarımı yapıldı. ,16,26B2025
K01_D1,1,2025-07-05,7,,Varroa,16,26B2025
K01_D1,1,2025-07-10,7,,Varroa,16,26B2025
K01_D1,1,2025-07-24,7,,1 Temel petek ilave,16,26B2025
K01_D1,1,2025-08-04,7,,Yavru var. Bal az.,16,26B2025
K01_D1,1,2025-08-19,5,,"2 çıta fazlası var. Yavrulu, gen problemi var. Varroa. Alt Kapak Takıldı.",16,26B2025
K01_D1,1,2025-09-07,5,,Kovan sönmüş durumda. ,16,26B2025
K01_D1,1,2025-09-10,5,,,16,26B2025
K01_D1,1,2025-09-13,5,,,16,26B2025
K01_D1,1,2025-10-13,0,,,16,26B2025
K02_D1,2,2025-04-22,3,,19'dan bölündü - şurup verildi.,55,19B2025
K02_D1,2,2025-04-23,3,,Zayıf - Besleme yapıldı.,55,19B2025
K02_D1,2,2025-04-25,3,,Açık ana gözleri var. Beslendi.  Varroa Vetorax,55,19B2025
K02_D1,2,2025-04-28,3,,İşlem yapılmadı. Ortaya kova ile şerbet konuldu.,55,19B2025
K02_D1,2,2025-05-07,3,,İyi durumda. Varroa.,55,19B2025
K02_D1,2,2025-05-10,3,,Varroa. İyi görünüyor.,55,19B2025
K02_D1,2,2025-05-24,3,,"Günlükler var. Çok iyi. Kapalı yavrular. 1 Temel, 1 Kabarmış kara petek ilave. Besleme. Normal koloni düzeni. ",55,19B2025
K02_D1,2,2025-06-02,4,,2 Kabarmış ilave. Kapalı ve günlükler var. Beslendi. Varroa.,55,19B2025
K02_D1,2,2025-06-08,6,,2 Çıta ilave. Fondan verildi. Kata takip.,55,19B2025
K02_D1,2,2025-06-14,6,,Varroa.  ,55,19B2025
K02_D1,2,2025-06-19,6,,Varroa,55,19B2025
K02_D1,2,2025-06-26,6,,Henüz boşluklar var. İyi durumda. Kat için bekleyelim. Varroa.,55,19B2025
K02_D1,2,2025-07-05,6,,Ful. Kat takibi yap.,55,19B2025
K02_D1,2,2025-07-10,6,,Kat atıldı. 1 Temel petek. 3 Kabarmış ilave. Varroa.,55,19B2025
K02_D1,2,2025-07-24,7,,2 Temel petek ilave.,55,19B2025
K02_D1,2,2025-08-05,7,,5 ÇITA BAL alındı,55,19B2025
K02_D1,2,2025-08-19,7,,Varroa. Alt Kapak Takıldı.,55,19B2025
K02_D1,2,2025-08-23,7,,3 ÇITA BALLI alındı.,55,19B2025
K02_D1,2,2025-09-07,7,,Fena değil Varroa 1. Gün,55,19B2025
K02_D1,2,2025-09-10,7,,Varroa 2. Gün,55,19B2025
K02_D1,2,2025-09-13,7,,Varroa 3. Gün,55,19B2025
K02_D1,2,2025-10-13,7,,iyi görünüyor,55,19B2025
K02_D1,2,2025-11-13,7,,Çuval invert şurup ,55,19B2025
K02_D1,2,2025-11-17,7,,İnvert Şurup,55,19B2025
K02_D1,2,2025-11-22,7,,İnvert Şurup,55,19B2025
K02_D1,2,2026-01-13,,,Oksalik asit damlatma,55,19B2025
K02_D1,2,2026-01-20,,,Oksalik Asit sprey,55,19B2025
K02_D1,2,2026-02-24,,,İyi görünüyor. Kapalı yavru var.  1/1 şerbet ile besleme yapıldı. Gereksiz çıtalar alındı. Çıta sayıları son iki kontrol için yanlış girilmiş.,55,19B2025
K02_D1,2,2026-02-25,,,Kapak nemi pürmüz ile kurutuldu.,55,19B2025
K02_D1,2,2026-03-07,,,Gayet iyi görünüyor. Az besleme yapıldı. Bölme tahtası yok. ,55,19B2025
K02_D1,2,2026-03-10,,,Gayet iyi görünüyor. Az besleme yapıldı. Bölme tahtası eklendi ,55,19B2025
K02_D1,2,2026-03-12,,,1 temel petek ilave yapıldı. Az besleme yapıldı.,55,19B2025
K03_D1,3,2025-04-22,13,,Bölündü (10) - 1 petek ve şurup verildi.,22,F2024
K03_D1,3,2025-04-23,8,,Çok güçlü - 2 temel petek 1 karakovan verildi besleme yapıldı.,22,F2024
K03_D1,3,2025-04-25,9,,İyi durumda. Çıtaları kabartıyor. 2 temel petek ve 1 karakovan kabartılıyor. Beslendi. Varroa Vetorax. Kat yakın,22,F2024
K03_D1,3,2025-04-28,9,,Filizkıran rüzgarı sebebi ile yalnızca hızlıca besleme yapıldı.,22,F2024
K03_D1,3,2025-05-05,13,,Kat atıldı. Çift besleme yapıldı. Güçlü bir kovan. 1 Kara petek ve 3 temel petek verildi. ,22,F2024
K03_D1,3,2025-05-07,19,,Çok iyi görünüyor. Sıra ile bir temel bir kara petek şeklinde ballık dolduruldu. 3 Temel 3 Kabarmış. Çift besleme yapıldı. Varroa ,22,F2024
K03_D1,3,2025-05-10,19,,İyi görünüyor. Kata çıkmışlar. Çift Besleme. Varroa,22,F2024
K03_D1,3,2025-05-14,19,,İyi görünüyor. Çift Besleme. Sıra eli kabartıyorlar.,22,F2024
K03_D1,3,2025-05-20,19,,Gayet iyi. Beslendi. Vannoa,22,F2024
K03_D1,3,2025-05-24,19,,Beslendi. Belki 3. kat.,22,F2024
K03_D1,3,2025-06-02,19,,Ful dolular. Çok iyi durumda. Düşünülüyor. Varroa,22,F2024
K03_D1,3,2025-06-08,,,Bölündü (39) ,22,F2024
K03_D1,3,2025-06-14,25,,3. Kat atıldı. Varroa.,22,F2024
K03_D1,3,2025-06-19,25,,Varroa,22,F2024
K03_D1,3,2025-06-26,25,,İyi durumda. Varroa.,22,F2024
K03_D1,3,2025-07-05,25,,Varroa,22,F2024
K03_D1,3,2025-07-10,26,,Varroa,22,F2024
K03_D1,3,2025-07-24,28,,Arı az gibi. 3. Kat dağıtılabilir. 22 Ye 1 adet aktarım.,22,F2024
K03_D1,3,2025-08-04,16,12,9 ÇITA BAL ALINDI,22,F2024
K03_D1,3,2025-08-19,9,,"Kat alındı. Mozaik. Gen problem. Yavrulu. Bal yok, Varroa. Alt Kapak Takıldı.",22,F2024
K03_D1,3,2025-09-07,9,,Kalabalık sıkışık. İyi durumda. Varroa 1. Gün,22,F2024
K03_D1,3,2025-09-10,9,,Varroa 2. Gün,22,F2024
K03_D1,3,2025-09-13,9,,Varroa 3. Gün,22,F2024
K03_D1,3,2025-10-13,9,,iyi durumda,22,F2024
K03_D1,3,2025-11-13,9,,Çuval invert şurup ,22,F2024
K03_D1,3,2025-11-17,9,,İnvert Şurup,22,F2024
K03_D1,3,2025-11-22,9,,İnvert Şurup,22,F2024
K03_D1,3,2026-01-13,9,,sönmüş,22,F2024
K03_D1,3,2026-01-20,9,,,22,F2024
K03_D1,3,2026-02-24,7,,,22,F2024
K03_D1,3,2026-02-25,7,,,22,F2024
K03_D1,3,2026-03-07,7,,,22,F2024
K03_D1,3,2026-03-10,7,,,22,F2024
K03_D1,3,2026-03-12,8,,,22,F2024
K04_D1,4,2025-04-22,3,,22'den bölündü - şurup verildi.,34,22B2025
K04_D1,4,2025-04-23,3,,Güçlü. 1 temel petek verildi - besleme yapıldı.,34,22B2025
K04_D1,4,2025-04-25,3,,Temel petek alındı. Açık ana gözleri var. Beslendi. Varroa Vetorax. ,34,22B2025
K04_D1,4,2025-04-28,3,,İşlem yapılmadı. Ortaya kova ile şerbet konuldu.,34,22B2025
K04_D1,4,2025-05-07,3,,İyi durumda. Varroa,34,22B2025
K04_D1,4,2025-05-10,3,,Varroa. İyi görünüyor.,34,22B2025
K04_D1,4,2025-05-24,3,,Yavru görülemedi. Bekle. Polenli ballı petekler var. ,34,22B2025
K04_D1,4,2025-06-02,4,,Kapalı ve günlükler var. Beslendi. Normal koloni düzeni. Varroa. Beslendi.,34,22B2025
K04_D1,4,2025-06-08,6,,1 Çıta kabarmış eklendi. Güzel yavru var. Fondan verildi.,34,22B2025
K04_D1,4,2025-06-14,6,,Varroa.,34,22B2025
K04_D1,4,2025-06-19,6,,Varroa,34,22B2025
K04_D1,4,2025-06-26,6,,Son 2 çıta boş. Fakat güçlü küpülı yavrular var. Varroa. ,34,22B2025
K04_D1,4,2025-07-05,6,,Varroa,34,22B2025
K04_D1,4,2025-07-10,6,,"1 Temel, 1 kabarmış ilave. Varroa.",34,22B2025
K04_D1,4,2025-07-24,6,,İyi durumda. Varroa.,34,22B2025
K04_D1,4,2025-08-04,6,,2 ÇITA BAL alındı.,34,22B2025
K04_D1,4,2025-08-19,3,,"Güzel, yavrulu, iyi durumda. Varroa. Alt Kapak Takıldı.",34,22B2025
K04_D1,4,2025-09-07,0,,Çok kalabalık. Sıkışık. Varroa 1. Gün,34,22B2025
K04_D1,4,2025-09-10,,,Varroa 2. Gün,34,22B2025
K04_D1,4,2025-09-13,,,Varroa 3. Gün,34,22B2025
K04_D1,4,2025-10-13,,,iyi durumda,34,22B2025
K04_D1,4,2025-11-13,,,Çuval invert şurup ,34,22B2025
K04_D1,4,2025-11-17,,,İnvert Şurup,34,22B2025
K04_D1,4,2025-11-22,,,İnvert Şurup,34,22B2025
K04_D1,4,2026-01-13,,,Oksalik asit damlatma,34,22B2025
K04_D1,4,2026-01-20,,,Oksalik Asit sprey,34,22B2025
K04_D1,4,2026-02-24,,,İyi görünüyor. Kapalı yavru var.  1/1 şerbet ile besleme yapıldı. Gereksiz çıtalar alındı.,34,22B2025
K04_D1,4,2026-02-25,,,Kapak nemi pürmüz ile kurutuldu. Az besleme yapıldı.,34,22B2025
K04_D1,4,2026-03-07,,,1 kabarmış eski çıta verildi. İyi görünüyor. Petek kabartmış.Takip edilecek. ,34,22B2025
K04_D1,4,2026-03-10,,,İyi görünüyor. Az besleme,34,22B2025
K04_D1,4,2026-03-12,,,1 Kabarmış petek ilave edildi. Çok az besleme yapıldı.,34,22B2025
K05_D1,5,2025-04-22,,,13'den bölündü - şurup verildi.,76,13B2025
K05_D1,5,2025-04-23,,,Zayıf. Besleme yapıldı.,76,13B2025
K05_D1,5,2025-04-25,,,Açık gözler var. Beslendi. Varroa Vetorax.,76,13B2025
K05_D1,5,2025-04-28,,,İşlem yapılmadı. Ortaya kova ile şerbet konuldu.,76,13B2025
K05_D1,5,2025-05-07,,,15'den Ana gözlü petek aktarıldı. Beslendi. İyi durumda.,76,13B2025
K05_D1,5,2025-05-10,,,Varroa. İyi görünüyor.,76,13B2025
K05_D1,5,2025-05-24,,,Yavru görülemedi. Bekle. Polenli ballı petekler var. ,76,13B2025
K05_D1,5,2025-05-27,,,Kovan yalancıya gidiyor. Arı zayıf. Ballı polenli petekler düzenlenerek. 25 ve 26. kovanlara  aktarıldı. Kovan bozuldu. söndü.,76,13B2025
K05_D1,5,2025-06-08,5,,,76,13B2025
K05_D1,5,2025-06-14,5,,,76,13B2025
K05_D1,5,2025-06-19,5,,,76,13B2025
K05_D1,5,2025-06-28,5,,,76,13B2025
K05_D1,5,2025-07-05,5,,,76,13B2025
K05_D1,5,2025-07-10,5,,,76,13B2025
K05_D1,5,2025-07-13,5,,,76,13B2025
K05_D1,5,2025-07-24,6,,,76,13B2025
K05_D1,5,2025-08-05,6,,,76,13B2025
K05_D1,5,2025-08-19,6,,,76,13B2025
K05_D1,5,2025-08-23,8,,,76,13B2025
K05_D1,5,2025-09-07,8,,,76,13B2025
K05_D1,5,2025-09-10,8,,,76,13B2025
K05_D1,5,2025-09-13,8,,,76,13B2025
K05_D1,5,2025-10-13,8,,,76,13B2025
K05_D1,5,2025-11-13,8,,,76,13B2025
K05_D1,5,2025-11-17,8,,,76,13B2025
K05_D1,5,2025-11-22,8,,,76,13B2025
K05_D1,5,2026-01-13,8,,,76,13B2025
K05_D1,5,2026-01-20,8,,,76,13B2025
K05_D1,5,2026-02-24,5,,,76,13B2025
K05_D1,5,2026-02-25,5,,,76,13B2025
K05_D1,5,2026-03-07,5,,,76,13B2025
K05_D1,5,2026-03-10,5,,,76,13B2025
K05_D1,5,2026-03-12,5,,,76,13B2025
K05_D2,5,2025-06-08,5,,20 den bölündü. Fondan verildi.,79,F2024
K05_D2,5,2025-06-14,5,,Hatalı bölme. Ana burada. 20'den gelmiş. Yavru atıyor. 20 Anasız kaldı.,79,F2024
K05_D2,5,2025-06-19,5,,Varroa,79,F2024
K05_D2,5,2025-06-28,5,,Ana kötü. Mozaik.,79,F2024
K05_D2,5,2025-07-05,5,,Varroa,79,F2024
K05_D2,5,2025-07-10,5,,Varroa,79,F2024
K05_D2,5,2025-07-13,5,,"Ana gen mozaik. 1 Kabarmış ilave. Varroa, ",79,F2024
K05_D2,5,2025-07-24,6,,1 emel ilave. Ballı. Kabartmış.,79,F2024
K05_D2,5,2025-08-05,6,,İşlem yok.,79,F2024
K05_D2,5,2025-08-19,6,,Varroa. Alt Kapak Takıldı.,79,F2024
K05_D2,5,2025-08-23,8,,2 Çıta ilave,79,F2024
K05_D2,5,2025-09-07,8,,Şurupluk yok. Taş üzerinde verdim. Fena değil. Varroa 1. Gün,79,F2024
K05_D2,5,2025-09-10,8,,Varroa 2. Gün,79,F2024
K05_D2,5,2025-09-13,8,,Şurupluk konuldu. Varroa 3. Gün,79,F2024
K05_D2,5,2025-10-13,8,,iyi görünüyor,79,F2024
K05_D2,5,2025-11-13,8,,Çuval invert şurup ,79,F2024
K05_D2,5,2025-11-17,8,,İnvert Şurup,79,F2024
K05_D2,5,2025-11-22,8,,İnvert Şurup,79,F2024
K05_D2,5,2026-01-13,8,,Oksalik asit damlatma,79,F2024
K05_D2,5,2026-01-20,8,,Oksalik Asit sprey,79,F2024
K05_D2,5,2026-02-24,5,,İyi görünüyor. Kapalı yavru var.  1/1 şerbet ile besleme yapıldı. Gereksiz çıtalar alındı.,79,F2024
K05_D2,5,2026-02-25,5,,Kapak nemi pürmüz ile kurutuldu. Az beslendi.,79,F2024
K05_D2,5,2026-03-07,5,,beslendi gayet iyi görünüyor.,79,F2024
K05_D2,5,2026-03-10,5,,beslendi gayet iyi görünüyor.,79,F2024
K05_D2,5,2026-03-12,5,,Müdahale yok. Çok az besleme yapıldı.,79,F2024
K06_D1,6,2025-04-22,9,,26'dan bölündü - şurup verildi.,19,26B2025
K06_D1,6,2025-04-23,9,,Zayıf. Besleme yapıldı.,19,26B2025
K06_D1,6,2025-04-25,9,,Ana gözleri açık. Beslendi. Varroa Vetorax. ,19,26B2025
K06_D1,6,2025-04-28,9,,İşlem yapılmadı. Ortaya kova ile şerbet konuldu.,19,26B2025
K06_D1,6,2025-05-05,13,,,19,26B2025
K06_D1,6,2025-05-07,19,,İyi görünüyor. Varroa. 7'den 1 petek aktarımı yapıldı. ,19,26B2025
K06_D1,6,2025-05-10,19,,Varroa. İyi görünüyor.,19,26B2025
K06_D1,6,2025-05-14,19,,,19,26B2025
K06_D1,6,2025-05-20,19,,,19,26B2025
K06_D1,6,2025-05-24,19,,Günlükler var. 1 Kabarmış kara petek ilave. Besleme. Normal koloni düzeni. ,19,26B2025
K06_D1,6,2025-06-02,19,,İyi durumda. 1 Temel. 1 kara petek verildi. Kapalı ve günlükler var. Beslendi. Varroa.,19,26B2025
K06_D1,6,2025-06-08,19,,Fondan verildi.,19,26B2025
K06_D1,6,2025-06-14,25,,Varroa.,19,26B2025
K06_D1,6,2025-06-19,25,,Varroa,19,26B2025
K06_D1,6,2025-06-26,25,,İyi görünüyor. Varroa. Son iki petek boş görünüyor. Fakat güçlü kapalı yavru var.,19,26B2025
K06_D1,6,2025-07-05,25,,Varroa,19,26B2025
K06_D1,6,2025-07-10,25,,Varroa,19,26B2025
K06_D1,6,2025-07-24,24,,Varroa,19,26B2025
K06_D1,6,2025-08-04,15,9,Yavru var. Bal az.,19,26B2025
K06_D1,6,2025-08-19,9,,Zayıf. Varroa. Alt Kapak Takıldı.Gen problem.,19,26B2025
K06_D1,6,2025-09-07,9,,Fena değil. Varroa 1. Gün,19,26B2025
K06_D1,6,2025-09-10,9,,Varroa 2. Gün,19,26B2025
K06_D1,6,2025-09-13,9,,Varroa 3. Gün,19,26B2025
K06_D1,6,2025-10-13,9,,sönmüş,19,26B2025
K06_D1,6,2025-11-13,9,,,19,26B2025
K06_D1,6,2025-11-17,9,,,19,26B2025
K06_D1,6,2025-11-22,9,,,19,26B2025
K06_D1,6,2026-01-13,0,,,19,26B2025
K07_D1,7,2025-04-22,9,,13'den bölündü - şurup verildi.,4,13B2025
K07_D1,7,2025-04-23,7,,Güçlü - Besleme yapıldı.,4,13B2025
K07_D1,7,2025-04-25,7,,Kapalı göz kırıldı. Ana gözleri tam olarak gözlemlenemedi. Açıklar var. Beslendi. Varroa Vetorax. ,4,13B2025
K07_D1,7,2025-04-28,7,,İşlem yapılmadı. Ortaya kova ile şerbet konuldu.,4,13B2025
K07_D1,7,2025-05-05,5,,,4,13B2025
K07_D1,7,2025-05-07,5,,Bitmiş. Ana gözü yok. 2 Petek alındı. Diğer kovanlara aktarıldı. 1-6,4,13B2025
K07_D1,7,2025-05-10,5,,BİTTİ BOŞ,4,13B2025
K07_D1,7,2025-05-14,5,,,4,13B2025
K07_D1,7,2025-05-20,5,,,4,13B2025
K07_D1,7,2025-05-24,5,,,4,13B2025
K07_D1,7,2025-05-27,5,,,4,13B2025
K07_D1,7,2025-06-02,5,,,4,13B2025
K07_D1,7,2025-06-08,5,,,4,13B2025
K07_D1,7,2025-06-14,5,,,4,13B2025
K07_D1,7,2025-06-19,5,,,4,13B2025
K07_D1,7,2025-06-26,5,,,4,13B2025
K07_D1,7,2025-07-05,6,,,4,13B2025
K07_D1,7,2025-07-10,7,,,4,13B2025
K07_D1,7,2025-07-24,7,,,4,13B2025
K07_D1,7,2025-08-04,7,,,4,13B2025
K07_D1,7,2025-08-19,8,,,4,13B2025
K07_D1,7,2025-09-07,8,,,4,13B2025
K07_D1,7,2025-09-10,8,,,4,13B2025
K07_D1,7,2025-09-13,8,,,4,13B2025
K07_D1,7,2025-10-13,9,,,4,13B2025
K07_D1,7,2025-11-13,6,,,4,13B2025
K07_D1,7,2025-11-17,6,,,4,13B2025
K07_D1,7,2025-11-22,6,,,4,13B2025
K07_D1,7,2026-01-13,6,,,4,13B2025
K07_D1,7,2026-01-20,6,,,4,13B2025
K07_D1,7,2026-02-24,6,,,4,13B2025
K07_D1,7,2026-02-25,6,,,4,13B2025
K07_D1,7,2026-03-07,6,,,4,13B2025
K07_D1,7,2026-03-10,6,,,4,13B2025
K07_D1,7,2026-03-12,7,,,4,13B2025
K09_D1,9,2025-04-22,3,,,28,31B2025
K09_D1,9,2025-04-23,3,,31'den bölündü - şurup verildi.,28,31B2025
K09_D1,9,2025-04-25,3,,Açık gözler var. Şurubunu bitirememiş. Varroa Vetorax.,28,31B2025
K09_D1,9,2025-04-28,3,,İşlem yapılmadı. Ortaya kova ile şerbet konuldu.,28,31B2025
K09_D1,9,2025-05-07,3,,İyi durumda. Varroa,28,31B2025
K09_D1,9,2025-05-10,3,,Varroa. İyi görünüyor.,28,31B2025
K09_D1,9,2025-05-24,5,,Günlükler var. 1 Kabarmış kara petek ilave. Besleme. Normal koloni düzeni. ,28,31B2025
K09_D1,9,2025-06-02,6,,Kapalı ve günlükler var. Beslendi. Varroa. Gayet iyi. ,28,31B2025
K09_D1,9,2025-06-08,7,,1 Çıta kabarmış eklendi. Güzel yavru var. Fondan verildi.,28,31B2025
K09_D1,9,2025-06-14,7,,Varroa.,28,31B2025
K09_D1,9,2025-06-19,7,,Varroa,28,31B2025
K09_D1,9,2025-06-26,7,,İyi durumda. Kapalı yavru var.,28,31B2025
K09_D1,9,2025-07-05,8,,Varroa,28,31B2025
K09_D1,9,2025-07-10,9,,"1 Kabarmış, 1 Temel verildi. Varroa",28,31B2025
K09_D1,9,2025-07-24,9,,Varroa,28,31B2025
K09_D1,9,2025-08-04,5,4,1 ÇITA BAL alındı.,28,31B2025
K09_D1,9,2025-08-19,6,1,1 ÇITA BAL ALINDI. 2 Çıta boş. Çok güzel yavru var. Varroa. Alt Kapak Takıldı.,28,31B2025
K09_D1,9,2025-09-07,7,,İyi durumda. Varroa 1. Gün,28,31B2025
K09_D1,9,2025-09-10,7,,Varroa 2. Gün,28,31B2025
K09_D1,9,2025-09-13,7,,Varroa 3. Gün,28,31B2025
K09_D1,9,2025-10-13,7,,iyi durumda,28,31B2025
K09_D1,9,2025-11-13,7,,Çuval invert şurup ,28,31B2025
K09_D1,9,2025-11-17,7,,İnvert Şurup,28,31B2025
K09_D1,9,2025-11-22,7,,İnvert Şurup,28,31B2025
K09_D1,9,2026-01-13,7,,Oksalik asit damlatma,28,31B2025
K09_D1,9,2026-01-20,7,,Oksalik Asit sprey,28,31B2025
K09_D1,9,2026-02-24,5,,İyi görünüyor. Kapalı yavru var.  1/1 şerbet ile besleme yapıldı. Gereksiz çıtalar alındı.,28,31B2025
K09_D1,9,2026-02-25,5,,Kapak nemi pürmüz ile kurutuldu. Az besleme yapıldı.,28,31B2025
K09_D1,9,2026-03-07,5,,26'dan kapalı yavru aktarımı yapıldı. İyi görünüyor. Az besleme yapıldı.,28,31B2025
K09_D1,9,2026-03-10,5,,İyi görünüyor. Az besleme yapıldı.,28,31B2025
K09_D1,9,2026-03-12,5,,1 Kabarmış petek ilave edildi. Çok az besleme yapıldı.,28,31B2025
K10_D1,10,2025-04-22,8,,3'den bölündü - şurup verildi.,37,13B2025
K10_D1,10,2025-04-23,6,,Güçlü - Besleme yapıldı.,37,13B2025
K10_D1,10,2025-04-25,7,,"Önceki 2 şerbetten biri bitmiş diğeri bitmemiş. Alındı, yenisi verildi. Açık ana gözleri var. Varroa Vetorax. ",37,13B2025
K10_D1,10,2025-04-28,7,,İşlem yapılmadı. Ortaya kova ile şerbet konuldu.,37,13B2025
K10_D1,10,2025-05-07,8,,İyi durumda. Varroa,37,13B2025
K10_D1,10,2025-05-10,8,,Varroa. İyi görünüyor.,37,13B2025
K10_D1,10,2025-05-14,9,,,37,13B2025
K10_D1,10,2025-05-20,12,,,37,13B2025
K10_D1,10,2025-05-24,15,,Yavru görülemedi. Bekle. Polenli ballı petekler var. ,37,13B2025
K10_D1,10,2025-05-27,17,,,37,13B2025
K10_D1,10,2025-06-02,19,,Kapalı ve günlükler var. Beslendi. Normal koloni düzeni. Varroa. Beslendi. 1 Temel petek ilave. ,37,13B2025
K10_D1,10,2025-06-08,,,2 Çıta kabarmış eklendi. Güzel yavru var. Fondan verildi.,37,13B2025
K10_D1,10,2025-06-14,19,,Varroa.,37,13B2025
K10_D1,10,2025-06-19,19,,Varroa,37,13B2025
K10_D1,10,2025-06-26,19,,Son 3 çıta boş. Yavrular Mozaik. Ana iyi değil. Varroa.,37,13B2025
K10_D1,10,2025-07-05,19,,Varroa,37,13B2025
K10_D1,10,2025-07-10,19,,Varroa,37,13B2025
K10_D1,10,2025-07-24,19,,Ana gen. Yavru mozaik. 1 çıta 22'lye ilave.,37,13B2025
K10_D1,10,2025-08-04,16,3,İşlem yıok.,37,13B2025
K10_D1,10,2025-08-19,16,,Zayıf. Gidiici. Varroa. Alt Kapak Takıldı.,37,13B2025
K10_D1,10,2025-08-23,9,2,,37,13B2025
K10_D1,10,2025-09-07,9,,Sönmüş.,37,13B2025
K10_D1,10,2025-09-10,9,,,37,13B2025
K10_D1,10,2025-09-13,9,,,37,13B2025
K10_D1,10,2025-10-13,9,,,37,13B2025
K10_D1,10,2025-11-13,9,,,37,13B2025
K11_D1,11,2025-05-01,,,"Oğul yakalandı. 15. Kovandan çıkmış. 3 Petek verildi. 2 Kara petek, 1 Temel Petek. Kek verildi.",64,15O2025
K11_D1,11,2025-05-03,3,,,64,15O2025
K11_D1,11,2025-05-07,4,,1 Temel petek ilave. İyi durumda. Kek ile beslendi. Varroa.,64,15O2025
K11_D1,11,2025-05-10,4,,Kek ile beslendi.  Varroa,64,15O2025
K11_D1,11,2025-05-14,5,,31'den yavrulu petek desteği verildi. İyi durumda günlük yumutalar var. Beslendi varroa. ,64,15O2025
K11_D1,11,2025-05-20,5,,Günlükler var. Beslendi. Varroa. Normal koloni bakım düzenine geçildi. ,64,15O2025
K11_D1,11,2025-05-24,8,,1 Temel petek ilave. Güzel durumda yavrular var. Beslendi.,64,15O2025
K11_D1,11,2025-06-02,8,,1 Adet kabarmış ilave edildi. Varroa. ,64,15O2025
K11_D1,11,2025-06-08,8,,2 Çıta ilave. Fondan verildi.,64,15O2025
K11_D1,11,2025-06-14,10,,Varroa.  ,64,15O2025
K11_D1,11,2025-06-19,10,,Kat atıldı. Varroa,64,15O2025
K11_D1,11,2025-06-26,10,,İki çıta ilave. Sıkışık. İyi. Ballı.,64,15O2025
K11_D1,11,2025-06-28,15,,,64,15O2025
K11_D1,11,2025-07-05,15,,1 Kabarmış petek ilave.,64,15O2025
K11_D1,11,2025-07-10,15,,Varroa.  Kat olabilir ???,64,15O2025
K11_D1,11,2025-07-13,15,,"1 Temel, 1 Kabarmış verildi. ",64,15O2025
K11_D1,11,2025-07-24,16,,Güzel. Ballı,64,15O2025
K11_D1,11,2025-08-05,9,7,10 ÇITA BAL alındı. Süper bal yapmış.,64,15O2025
K11_D1,11,2025-08-19,9,,Varroa. Alt Kapak Takıldı.,64,15O2025
K11_D1,11,2025-08-23,10,,1 ÇITA BALLI ALINDI,64,15O2025
K11_D1,11,2025-09-07,10,,Kalabalık. Sıkışık. Varroa 1. Gün,64,15O2025
K11_D1,11,2025-09-10,10,,Varroa 2. Gün,64,15O2025
K11_D1,11,2025-09-13,9,,Varroa 3. Gün,64,15O2025
K11_D1,11,2025-10-13,9,,iyi görünüyor,64,15O2025
K11_D1,11,2025-11-13,9,,Çuval invert şurup ,64,15O2025
K11_D1,11,2025-11-17,9,,İnvert Şurup,64,15O2025
K11_D1,11,2025-11-22,9,,İnvert Şurup,64,15O2025
K11_D1,11,2026-01-13,9,,Oksalik asit damlatma,64,15O2025
K11_D1,11,2026-01-20,9,,Oksalik Asit sprey,64,15O2025
K11_D1,11,2026-02-24,9,,İyi görünüyor. Kapalı yavru var.  1/1 şerbet ile besleme yapıldı. Kalabalık,64,15O2025
K11_D1,11,2026-02-25,9,,Kapak nemi pürmüz ile kurutuldu.,64,15O2025
K11_D1,11,2026-03-07,9,,İyi durumda. Az beseme yapıldı. Bölme tahtası eksik.,64,15O2025
K11_D1,11,2026-03-10,9,,İyi durumda. Az besleme yapıldı. ,64,15O2025
K11_D1,11,2026-03-12,9,,Bölme tahtası ilave edildi. Çok az besleme yapıldı.,64,15O2025
K12_D1,12,2025-04-22,14,,15'den bölündü - şurup verildi.,49,15B2025
K12_D1,12,2025-04-23,8,,Güçlü - Besleme yapıldı.,49,15B2025
K12_D1,12,2025-04-25,9,,Açık ana gözleri var. Beslendi. Bal ve yavru iyi görünüyor. Varroa Vetorax,49,15B2025
K12_D1,12,2025-04-28,9,,İşlem yapılmadı. Ortaya kova ile şerbet konuldu.,49,15B2025
K12_D1,12,2025-05-05,12,,,49,15B2025
K12_D1,12,2025-05-07,19,,İyi durumda 1 temel petek ilave. Besleme varroa,49,15B2025
K12_D1,12,2025-05-10,19,,Varroa. İyi görünüyor.,49,15B2025
K12_D1,12,2025-05-14,17,,,49,15B2025
K12_D1,12,2025-05-20,17,,,49,15B2025
K12_D1,12,2025-05-24,19,,"Günlükler var. Çok iyi. Kapalı yavrular. 1 Temel, 1 Kabarmış kara petek ilave. Besleme. Normal koloni düzeni. ",49,15B2025
K12_D1,12,2025-06-02,19,,"1 Temel, 1 kabarmış överildi. Çok kalabalık. Beslendi. Varroa. ",49,15B2025
K12_D1,12,2025-06-08,,,1 Çıta kabarmış eklendi. Güzel yavru var. Fondan verildi. Kata takip.,49,15B2025
K12_D1,12,2025-06-14,19,,Varroa.  ,49,15B2025
K12_D1,12,2025-06-19,19,,Kat atıldı. Varroa,49,15B2025
K12_D1,12,2025-06-26,19,,Kalabalık. Petek ilave edilebilir. Varroa. İyi durumda.,49,15B2025
K12_D1,12,2025-07-05,19,,1 Temel 1 Kara petek ilave. Vanroa,49,15B2025
K12_D1,12,2025-07-10,19,,1 Temel 1 Kabarmış petek ilave. Vanroa,49,15B2025
K12_D1,12,2025-07-13,23,,,49,15B2025
K12_D1,12,2025-07-24,24,,"1 Kabarmış, 1 temel ilave.",49,15B2025
K12_D1,12,2025-08-04,,,7 ÇITA BAL alındı.,49,15B2025
K12_D1,12,2025-08-05,16,8,,49,15B2025
K12_D1,12,2025-08-19,16,,Varroa. Alt Kapak Takıldı.,49,15B2025
K12_D1,12,2025-08-23,7,6,3 Çıta boş. 2 ÇITA BALLI alındı.,49,15B2025
K12_D1,12,2025-09-07,7,,Gayet iyi durumda kalabalık. Varroa 1. Gün,49,15B2025
K12_D1,12,2025-09-10,8,,Varroa 2. Gün,49,15B2025
K12_D1,12,2025-09-13,8,,Varroa 3. Gün,49,15B2025
K12_D1,12,2025-10-13,8,,iyi görünüyor,49,15B2025
K12_D1,12,2025-11-13,8,,Çuval invert şurup ,49,15B2025
K12_D1,12,2025-11-17,8,,İnvert Şurup,49,15B2025
K12_D1,12,2025-11-22,8,,İnvert Şurup,49,15B2025
K12_D1,12,2026-01-13,8,,Oksalik asit damlatma,49,15B2025
K12_D1,12,2026-01-20,8,,Oksalik Asit sprey,49,15B2025
K12_D1,12,2026-02-24,7,,İyi görünüyor. Kapalı yavru var.  1/1 şerbet ile besleme yapıldı.,49,15B2025
K12_D1,12,2026-02-25,7,,Kapak nemi pürmüz ile kurutuldu.,49,15B2025
K12_D1,12,2026-03-07,7,,Gayet iyi görünüyor. Az besleme yapıldı.,49,15B2025
K12_D1,12,2026-03-10,7,,Gayet iyi görünüyor. Az besleme yapıldı.,49,15B2025
K12_D1,12,2026-03-12,7,,2 Kabarmış petek güve riskine karşı alndı. Yerin 1 adet temel petek verildi. Az besleme yapldı.,49,15B2025
K13_D1,13,2025-04-22,4,,Bölündü (5-7) - 1 petek ve şurup verildi.,52,13 - F2024
K13_D1,13,2025-04-23,4,,Güçlü. 2 besleme yapıldı. 1 Temel petek verildi.,52,13 - F2024
K13_D1,13,2025-04-25,4,,1 Temel petek verildi. Çift besleme yapıldı. Varroa Vetorax. Kat yakın.,52,13 - F2024
K13_D1,13,2025-04-28,4,,Filizkıran rüzgarı sebebi ile yalnızca hızlıca besleme yapıldı.,52,13 - F2024
K13_D1,13,2025-05-05,,,Kat atıldı. Agresif.,52,13 - F2024
K13_D1,13,2025-05-07,4,,"Sıra ile bir temel bir kara petek şeklinde ballık dolduruldu. 2 Temel 4  Kabarmış, 1 kara kovan.. Çift besleme yapıldı. Varroa ",52,13 - F2024
K13_D1,13,2025-05-10,4,,Çift besleme. Varroa,52,13 - F2024
K13_D1,13,2025-05-14,,,Çift besleme. Varroa. Karakovan ve temel petek alındı.,52,13 - F2024
K13_D1,13,2025-05-20,,,Beslendi. Varroa.,52,13 - F2024
K13_D1,13,2025-05-24,6,,"1 Temel, 1 Kabarmış kara petek ilave.",52,13 - F2024
K13_D1,13,2025-06-02,8,,Ful dolu. Varroa yapıldı. Düşünülüyor.,52,13 - F2024
K13_D1,13,2025-06-08,10,,,52,13 - F2024
K13_D1,13,2025-06-14,10,,Varroa.  ,52,13 - F2024
K13_D1,13,2025-06-19,10,,Varroa.  ,52,13 - F2024
K13_D1,13,2025-06-26,10,,İyi durumda. Ballı. Henüz Boşluklar var. Kat için beklemek lazım. ,52,13 - F2024
K13_D1,13,2025-07-05,10,,Ful. 3. Kat hazırla.,52,13 - F2024
K13_D1,13,2025-07-10,14,,Ful. 3. Kat hazırla.,52,13 - F2024
K13_D1,13,2025-07-13,,,3. Kat. Varroa. 2 temel 2 kabarmış petek.,52,13 - F2024
K13_D1,13,2025-07-24,16,,1 Kabarmış ilave,52,13 - F2024
K13_D1,13,2025-08-05,11,5,8 ÇITA BAL,52,13 - F2024
K13_D1,13,2025-08-19,11,,Varroa. Alt Kapak Takıldı.,52,13 - F2024
K13_D1,13,2025-08-23,8,3,3 Çıta boş. 6 ÇITA BALLI alındı.,52,13 - F2024
K13_D1,13,2025-09-07,8,,Fena değil Kalabalık. Varroa 1. Gün,52,13 - F2024
K13_D1,13,2025-09-10,8,,Varroa 2. Gün,52,13 - F2024
K13_D1,13,2025-09-13,8,,Varroa 3. Gün,52,13 - F2024
K13_D1,13,2025-10-13,8,,iyi görünüyor,52,13 - F2024
K13_D1,13,2025-11-13,8,,Çuval invert şurup ,52,13 - F2024
K13_D1,13,2025-11-17,8,,İnvert Şurup,52,13 - F2024
K13_D1,13,2025-11-22,8,,İnvert Şurup,52,13 - F2024
K13_D1,13,2026-01-13,6,,Oksalik asit damlatma,52,13 - F2024
K13_D1,13,2026-01-20,6,,Oksalik Asit sprey,52,13 - F2024
K13_D1,13,2026-02-24,4,,İyi görünüyor. Kapalı yavru var.  1/1 şerbet ile besleme yapıldı. Gereksiz çıtalar alındı.,52,13 - F2024
K13_D1,13,2026-02-25,4,,Kapak nemi pürmüz ile kurutuldu.,52,13 - F2024
K13_D1,13,2026-03-07,4,,Gayet iyi. Bölme tahtası yok. Az besleme yapıldı.,52,13 - F2024
K13_D1,13,2026-03-10,4,,Gayet iyi. Bölme tahtası eklendi Az besleme yapıldı.,52,13 - F2024
K13_D1,13,2026-03-12,5,,1 Kabarmış petek alındı. Yerine 1 temel petek verildi. Az besleme yapıldı.,52,13 - F2024
K14_D1,14,2025-04-22,3,,22'den bölündü - şurup verildi.,31,22B2025
K14_D1,14,2025-04-23,4,,Besleme yapıldı.,31,22B2025
K14_D1,14,2025-04-25,3,,Açık gözler var. Şurubunu bitirememiş. Yeni şurup verildi. Varroa Vetorax.,31,22B2025
K14_D1,14,2025-04-28,3,,İşlem yapılmadı. Ortaya kova ile şerbet konuldu.,31,22B2025
K14_D1,14,2025-05-07,3,,İyi durumda. Varroa,31,22B2025
K14_D1,14,2025-05-10,3,,Varroa. İyi görünüyor.,31,22B2025
K14_D1,14,2025-05-24,5,,Günlükler var. 1 Kabarmış kara petek ilave. Besleme. Normal koloni düzeni. ,31,22B2025
K14_D1,14,2025-06-02,5,,Bir temel petek ilave. Günlük ve kapalılar var. Beslendi. Varroa. Gayet iyi.,31,22B2025
K14_D1,14,2025-06-08,6,,1 Çıta kabarmış eklendi. Güzel yavru var. Fondan verildi.,31,22B2025
K14_D1,14,2025-06-14,6,,Varroa.,31,22B2025
K14_D1,14,2025-06-19,6,,Varroa,31,22B2025
K14_D1,14,2025-06-26,6,,Son 3 çıta boş. Fakat güçlü küpülı yavrular var. Varroa. ,31,22B2025
K14_D1,14,2025-07-05,6,,1 Kabarmış petek ilave Varroa,31,22B2025
K14_D1,14,2025-07-10,8,,1 Kabarmış petek ilave Varroa,31,22B2025
K14_D1,14,2025-07-24,8,,Ballı. İyi,31,22B2025
K14_D1,14,2025-08-04,6,2,4 ÇITA BAL alındı,31,22B2025
K14_D1,14,2025-08-19,6,,1 PETEK BAL ALINDI. Yavrulu. Güzel. Varroa. Alt Kapak Takıldı.,31,22B2025
K14_D1,14,2025-09-07,6,,6 Çıta idi. 1 Çıta  1 nolu kovandan aktarıldı. İyi durumda sıkışık. Varroa 1. Gün,31,22B2025
K14_D1,14,2025-09-10,6,,Varroa 2. Gün,31,22B2025
K14_D1,14,2025-09-13,6,,Varroa 3. Gün,31,22B2025
K14_D1,14,2025-10-13,6,,iyi durumda,31,22B2025
K14_D1,14,2025-11-13,6,,Çuval invert şurup ,31,22B2025
K14_D1,14,2025-11-17,6,,İnvert Şurup,31,22B2025
K14_D1,14,2025-11-22,6,,İnvert Şurup,31,22B2025
K14_D1,14,2026-01-13,6,,Oksalik asit damlatma,31,22B2025
K14_D1,14,2026-01-20,6,,Oksalik Asit sprey,31,22B2025
K14_D1,14,2026-02-24,5,,İyi görünüyor. Kapalı yavru var.  1/1 şerbet ile besleme yapıldı. Gereksiz çıtalar alındı.,31,22B2025
K14_D1,14,2026-02-25,5,,Kapak nemi pürmüz ile kurutuldu. Şurubu almamış. Takip,31,22B2025
K14_D1,14,2026-03-07,6,,Şurubu almış Az besleme. İyi görünüyor. Yavrular var.,31,22B2025
K14_D1,14,2026-03-10,6,,Az besleme. İyi görünüyor.,31,22B2025
K14_D1,14,2026-03-12,7,,Yalnızca besleme yapldı.,31,22B2025
K15_D1,15,2025-04-22,12,,Bölündü (12) - 1 petek ve şurup verildi.,7,F2024
K15_D1,15,2025-04-23,7,,1 Temel Petek verildi. Güçlü. Besleme yapıldı,7,F2024
K15_D1,15,2025-04-25,7,,Güçlü. 3 Yeni petek var kabartılıyor. Çift besleme yapıldı. Yeni petek verilmedi. Varroa Vetorax. ,7,F2024
K15_D1,15,2025-04-28,7,,Filizkıran rüzgarı sebebi ile yalnızca hızlıca besleme yapıldı.,7,F2024
K15_D1,15,2025-05-05,8,,Oğul atmış büyük ihtimalle. 11-16 no'lu kovandaki oğullar tahmin ediliyor. 2 çıta alındı. Ana memesi yapmış beslendi. 20 mayısa kadar besleme yapmayalım. ,7,F2024
K15_D1,15,2025-05-07,8,,Her petekte Ana gözü var. 1 Ana gözlü petek silkelenerek alındı ve 05 no'lu kovana aktarıldı. 1 Kara petek verildi. Kendini kurtarabilir. Varroa,7,F2024
K15_D1,15,2025-05-10,8,,Ana çıkmış. Beslendi. Varroa,7,F2024
K15_D1,15,2025-05-14,7,,"Polen var. Besleme yapılmadı. Balı var. Yavru görene kadar, bekleyelim.",7,F2024
K15_D1,15,2025-05-20,7,,Kek verildi. Polen var. Besleme verroa.,7,F2024
K15_D1,15,2025-05-24,8,,Beslendi. Ballı petekler var. Kabartıyor.,7,F2024
K15_D1,15,2025-05-27,8,,Yavru yok. Polen. Bal.,7,F2024
K15_D1,15,2025-06-02,8,,"1 Boş çıta alınıp ayrıca, bir kara petek verildi. Kapalı yavrular görüldü. 3 çıta dolu ve aktif. Beslendi. Varroa. Yavru çok güçlü görünmüyor. Takip etmeli.",7,F2024
K15_D1,15,2025-06-08,8,,Fondon verildi.,7,F2024
K15_D1,15,2025-06-14,8,,Yavru var. İyi görünüyor. Varroa.,7,F2024
K15_D1,15,2025-06-19,8,,Varroa,7,F2024
K15_D1,15,2025-06-26,7,,Petek kabartıyor. İyi görünüyor. Varroa.,7,F2024
K15_D1,15,2025-07-05,7,,Çoğalıyor. 1 Temel petek ilave. Varroa,7,F2024
K15_D1,15,2025-07-10,7,,1 Temel petek. Kapalı yavru var. İyi görünüyor. Varroa.,7,F2024
K15_D1,15,2025-07-24,8,,"Kalabalık. Kabartıyor. Yavru var, İyi",7,F2024
K15_D1,15,2025-08-04,6,2,"Yavru güçlü, petek yapıyor, İyi.",7,F2024
K15_D1,15,2025-08-19,6,,2 çıta fazla gibi. Zayıf ama yavrulu. Varroa. Alt Kapak Takıldı.,7,F2024
K15_D1,15,2025-09-07,6,,Çok kalabalık iyi dürümda. Varroa 1. Gün,7,F2024
K15_D1,15,2025-09-10,6,,Varroa 2. Gün,7,F2024
K15_D1,15,2025-09-13,6,,Varroa 3. Gün,7,F2024
K15_D1,15,2025-09-15,,,Fondon verildi.,7,F2024
K15_D1,15,2025-10-13,6,,Fena değil. Çıta aslında yarı yarıya. ,7,F2024
K15_D1,15,2025-11-13,6,,Sıkıştırıldı. Çuval. İnvert şurup,7,F2024
K15_D1,15,2025-11-17,6,,İnvert Şurup,7,F2024
K15_D1,15,2025-11-22,6,,İnvert Şurup,7,F2024
K15_D1,15,2026-01-13,6,,Oksalik asit damlatma,7,F2024
K15_D1,15,2026-01-20,6,,Oksalik Asit sprey,7,F2024
K15_D1,15,2026-02-24,6,,İyi görünüyor. Kapalı yavru var.  1/1 şerbet ile besleme yapıldı.,7,F2024
K15_D1,15,2026-02-25,6,,Kapak nemi pürmüz ile kurutuldu.,7,F2024
K15_D1,15,2026-03-07,6,,Her şey yolunda. Kapalı yavrular var. Az besleme,7,F2024
K15_D1,15,2026-03-10,6,,Her şey yolunda. Kapalı yavrular var. Az besleme,7,F2024
K15_D1,15,2026-03-12,7,,1 kabarmış boş petek ilave edildi. Çok az besleme yapıldı.,7,F2024
K19_D1,19,2025-04-22,6,,Bölündü (2-8) - 1 petek ve şurup verildi.,10,F2024
K19_D1,19,2025-04-23,6,,1 Temel Petek verildi. Güçlü. Besleme yapıldı,10,F2024
K19_D1,19,2025-04-25,7,,3 Yeni petek var kabartılıyor. Çift besleme yapıldı. Yeni petek verilmedi. Varroa Vetorax. ,10,F2024
K19_D1,19,2025-04-28,7,,Filizkıran rüzgarı sebebi ile yalnızca hızlıca besleme yapıldı.,10,F2024
K19_D1,19,2025-05-05,,,Bir çıta ilave yapıldı. 15'inci kovandan alınan hafif kabarmış petek verildi. Önceki şurubu almamış. Soğuklu alakalı gibi. Bir dahaki kontrolde ana kontrolü yapılmalı.,10,F2024
K19_D1,19,2025-05-07,7,,Şurubu tüketmiş. Yeni şurup verildi. Kabartıyor. Varroa.,10,F2024
K19_D1,19,2025-05-10,8,,Beslendi varroa,10,F2024
K19_D1,19,2025-05-14,7,,1 Çıta temel petek aldım. Besleme . Varroa,10,F2024
K19_D1,19,2025-05-20,8,,Beslendi. Varroa. Kabartmış.,10,F2024
K19_D1,19,2025-05-24,9,,1 Kara petek ilave. Ballı. Beslendi.,10,F2024
K19_D1,19,2025-05-27,9,,Yavru var. Petekler düzeltildi.,10,F2024
K19_D1,19,2025-06-02,14,,Beslenmedi. Kapalı ve günlükler var. 5 Çıta güçlü. 3 çıta boş. Varroa.,10,F2024
K19_D1,19,2025-06-08,12,,Fondon verildi.,10,F2024
K19_D1,19,2025-06-14,7,,Yavru var. İyi görünüyor. Varroa.,10,F2024
K19_D1,19,2025-06-19,7,,Varroa,10,F2024
K19_D1,19,2025-06-26,7,,Son 2 petek boş gibi. Fakat güçlü kapalı yavru görünüyor Bir petek 1 e aktarıldı. Varroa.,10,F2024
K19_D1,19,2025-07-05,7,,Varroa,10,F2024
K19_D1,19,2025-07-10,7,,Varroa,10,F2024
K19_D1,19,2025-07-24,7,,1 Temel İlave Kabartıyor. Sırlıyor. Balı var.,10,F2024
K19_D1,19,2025-08-04,7,,Yavru güçlü. 2 ÇITA BAL alındı.,10,F2024
K19_D1,19,2025-08-19,7,,İyi durumda yavrulu ballı. Varroa. Alt Kapak Takıldı.,10,F2024
K19_D1,19,2025-09-07,7,,İyi durumda. Sıkışık. Varroa 1. Gün,10,F2024
K19_D1,19,2025-09-10,7,,Varroa 2. Gün,10,F2024
K19_D1,19,2025-09-13,7,,Varroa 3. Gün,10,F2024
K19_D1,19,2025-10-13,7,,Fena değil,10,F2024
K19_D1,19,2025-11-13,7,,Çuval invert şurup ,10,F2024
K19_D1,19,2025-11-17,7,,İnvert Şurup,10,F2024
K19_D1,19,2025-11-22,7,,İnvert Şurup,10,F2024
K19_D1,19,2026-01-13,7,,Oksalik asit damlatma,10,F2024
K19_D1,19,2026-01-20,7,,Oksalik Asit sprey,10,F2024
K19_D1,19,2026-02-24,7,,İyi görünüyor. Kapalı yavru var.  1/1 şerbet ile besleme yapıldı.,10,F2024
K19_D1,19,2026-02-25,7,,Kapak nemi pürmüz ile kurutuldu.,10,F2024
K19_D1,19,2026-03-07,7,,İyi görünüyor. Kapalı yavru var.  1/1 şerbet ile besleme yapıldı.,10,F2024
K19_D1,19,2026-03-10,7,,İyi görünüyor. Kapalı yavru var.  1/1 şerbet ile besleme yapıldı.,10,F2024
K19_D1,19,2026-03-12,7,,40 dan 1 yavrulu çıta verildi. Az besleme yapıldı.,10,F2024
K22_D1,22,2025-04-22,,,Bölündü (14-4) - 1 petek ve şurup verildi.,25,F2024
K22_D1,22,2025-04-23,3,,1 Temel Petek verildi. Güçlü. Besleme yapıldı,25,F2024
K22_D1,22,2025-04-25,3,,İyi durumda. 1 Temel petek verildi.  Beslendi. Varroa Vetorax. Kat yakın,25,F2024
K22_D1,22,2025-04-28,3,,Filizkıran rüzgarı sebebi ile yalnızca hızlıca besleme yapıldı.,25,F2024
K22_D1,22,2025-05-05,,,Kat atıldı. Çift besleme yapıldı. Güçlü bir kovan. 1 Kara petek ve 3 temel petek verildi.,25,F2024
K22_D1,22,2025-05-07,3,,"Çok iyi görünüyor. Sıra ile bir temel bir kara petek şeklinde ballık dolduruldu. 2 Temel 3  Kabarmış, 1 kara kovan.. Çift besleme yapıldı. Varroa ",25,F2024
K22_D1,22,2025-05-10,3,,İyi görünüyor. Kata çıkmışlar. Çift Besleme. Varroa,25,F2024
K22_D1,22,2025-05-14,,,İyi görünüyor. Çift Besleme. Sıra eli kabartıyorlar.,25,F2024
K22_D1,22,2025-05-20,,,Gayet iyi. Beslendi. Vannoa,25,F2024
K22_D1,22,2025-05-24,5,,Beslendi. Belki 3. kat.,25,F2024
K22_D1,22,2025-06-02,5,,Ful dolular. Çok iyi durumda. Düşünülüyor. Varroa,25,F2024
K22_D1,22,2025-06-08,6,,,25,F2024
K22_D1,22,2025-06-14,6,,3. Kat atıldı. Varroa.,25,F2024
K22_D1,22,2025-06-19,6,,Varroa,25,F2024
K22_D1,22,2025-06-26,6,,İyi durumda. Varroa.,25,F2024
K22_D1,22,2025-07-05,6,,Varroa,25,F2024
K22_D1,22,2025-07-10,8,,1 Kabarmış ilave. Varroa,25,F2024
K22_D1,22,2025-07-24,8,,Çok güzel. 3'den ve 10 'den 1 ilave. Ballı.,25,F2024
K22_D1,22,2025-08-04,7,1,12 ÇITA BAL ALINDI,25,F2024
K22_D1,22,2025-08-19,6,1,"Kat alındı. Güçlü, yavrulu. Varroa. Alt Kapak Takıldı.",25,F2024
K22_D1,22,2025-09-07,6,,İyi durumda sıkışık. Varroa 1. Gün,25,F2024
K22_D1,22,2025-09-10,6,,Varroa 2. Gün,25,F2024
K22_D1,22,2025-09-13,6,,Varroa 3. Gün,25,F2024
K22_D1,22,2025-10-13,6,,iyi,25,F2024
K22_D1,22,2025-11-13,6,,Çuval invert şurup ,25,F2024
K22_D1,22,2025-11-17,6,,İnvert Şurup,25,F2024
K22_D1,22,2025-11-22,6,,İnvert Şurup,25,F2024
K22_D1,22,2026-01-13,6,,Oksalik asit damlatma,25,F2024
K22_D1,22,2026-01-20,6,,Oksalik Asit sprey,25,F2024
K22_D1,22,2026-02-24,4,,İyi görünüyor. Kapalı yavru var.  1/1 şerbet ile besleme yapıldı. Kalabalık,25,F2024
K22_D1,22,2026-02-25,4,,Kapak nemi pürmüz ile kurutuldu.,25,F2024
K22_D1,22,2026-03-07,5,,Gayet iyi yavru düzeni sık. Az besleme yapıldı. ,25,F2024
K22_D1,22,2026-03-10,5,,Gayet iyi yavru düzeni sık. Az besleme yapıldı. ,25,F2024
K22_D1,22,2026-03-12,6,,1 Temel petek ilave edildi. Çok az besleme yapıldı.,25,F2024
K23_D1,23,2025-04-22,4,,,73,XO2025
K23_D1,23,2025-04-23,4,,,73,XO2025
K23_D1,23,2025-04-25,4,,,73,XO2025
K23_D1,23,2025-04-28,4,,,73,XO2025
K23_D1,23,2025-05-07,5,,,73,XO2025
K23_D1,23,2025-05-10,5,,,73,XO2025
K23_D1,23,2025-05-20,,,Ovadan. Oğul geldi. Kek. Varroa.,73,XO2025
K23_D1,23,2025-05-24,5,,Yarım kek. 1 Temel petek ilave. Beklemeye devam.,73,XO2025
K23_D1,23,2025-06-02,,,Kapalı ve günlükler var. Normal koloni düzeni. Kek ile beslenndi. Varroa. ,73,XO2025
K23_D1,23,2025-06-08,,,Fondan verildi.,73,XO2025
K23_D1,23,2025-06-14,,,Çok zayıf. 1 Çıta alındı.,73,XO2025
K23_D1,23,2025-06-19,,,Varroaa,73,XO2025
K23_D1,23,2025-06-26,,,Güve yapmış. Kovan sönmüş,73,XO2025
K25_D1,25,2025-04-22,3,,1 petek ve şurup verildi. Bölünmedi.,13,20B2025
K25_D1,25,2025-04-23,4,,Besleme yapıldı.,13,20B2025
K25_D1,25,2025-04-25,3,,1 Yeni temel petek verildi.ift besleme yapıldı.  Varroa Vetorax. ,13,20B2025
K25_D1,25,2025-04-28,3,,İşlem yapılmadı. Ortaya kova ile şerbet konuldu.,13,20B2025
K25_D1,25,2025-05-07,4,,Orta halli. Kabartıyor. Beslendi. Varroa.,13,20B2025
K25_D1,25,2025-05-10,4,,Beslendi. Varroa. 1 Karakovan eklendi.,13,20B2025
K25_D1,25,2025-05-14,,,1 Karakovan çıta aldım. Besleme. Varroa.,13,20B2025
K25_D1,25,2025-05-20,,,1 Kabarmış petek ilave. Beslem varroa.,13,20B2025
K25_D1,25,2025-05-24,6,,1 Petek ilave. Beslendi. ,13,20B2025
K25_D1,25,2025-05-27,,,İyi durumda. Bir dahaki kontrolde kat atılabilir. ,13,20B2025
K25_D1,25,2025-06-02,6,,Kat atıldı. 1 Temel petek. Gerisi kabarmış. Beslendi. İyi görünüyor. Varroa.,13,20B2025
K25_D1,25,2025-06-08,6,,Bölündü. (5),13,20B2025
K25_D1,25,2025-06-14,6,,Hatalı bölme. Ana bölmede 5'e  gitmiş. Kat alındı. Kapalı ana gözleri imha edildi. Varroa.,13,20B2025
K25_D1,25,2025-06-19,6,,Varroa,13,20B2025
K25_D1,25,2025-06-26,7,,Varroa,13,20B2025
K25_D1,25,2025-07-05,7,,Varroa,13,20B2025
K25_D1,25,2025-07-10,7,,Varroa,13,20B2025
K25_D1,25,2025-07-24,8,,Varroa,13,20B2025
K25_D1,25,2025-08-04,8,,İyi durumda.Yavrulu.,13,20B2025
K25_D1,25,2025-08-19,8,,Yavrulu iyi durumda. Varroa. Alt Kapak Takıldı.,13,20B2025
K25_D1,25,2025-09-07,0,,Normal durumda. Karınca dolu. Varroa 1. Gün,13,20B2025
K25_D1,25,2025-09-10,,,Varroa 2. Gün,13,20B2025
K25_D1,25,2025-09-13,,,Varroa 3. Gün,13,20B2025
K25_D1,25,2025-10-13,,,fena değil,13,20B2025
K25_D1,25,2025-11-13,,,Çuval invert şurup ,13,20B2025
K25_D1,25,2025-11-17,,,İnvert Şurup,13,20B2025
K25_D1,25,2025-11-22,,,İnvert Şurup,13,20B2025
K25_D1,25,2026-01-13,,,Oksalik asit damlatma,13,20B2025
K25_D1,25,2026-01-20,,,Oksalik Asit sprey,13,20B2025
K25_D1,25,2026-02-24,,,İyi görünüyor. Kapalı yavru var.  1/1 şerbet ile besleme yapıldı. Kalabalık. Fakat kovanda çok nem var. Kovan değişmeli.,13,20B2025
K25_D1,25,2026-02-25,,,25 No'lu kovan ile değiştirildi. Az besleme yapıldı. ,13,20B2025
K25_D1,25,2026-03-07,,,İyi görünüyor. Az besleme yapıldı.,13,20B2025
K25_D1,25,2026-03-10,,,İyi görünüyor. Az besleme yapıldı.,13,20B2025
K25_D1,25,2026-03-12,,,Herhangi bir işlem yapılmadı. Çok az besleme yapıldı.,13,20B2025
K25_D2,25,2025-04-22,12,,Bölündü (30) - 1 petek ve şurup verildi.,40,F2024
K25_D2,25,2025-04-23,8,,Besleme yapıldı.,40,F2024
K25_D2,25,2025-04-25,8,,Çıta kabartıyor. 1 Temel petek ilave. 2 besleme yapıldı. Varroa Vetorax. ,40,F2024
K25_D2,25,2025-04-28,8,,Filizkıran rüzgarı sebebi ile yalnızca hızlıca besleme yapıldı.,40,F2024
K25_D2,25,2025-05-07,8,,İyi durumda. 1 Temel petek ilave. Besleme ve varroa yapıldı.,40,F2024
K25_D2,25,2025-05-10,9,,Varroa. İyi görünüyor. Beslendi. 1 Kabartılmış kara petek ilave yapıldı..,40,F2024
K25_D2,25,2025-05-14,9,,İyi durumda. Biraz daha sıkışsın. 2-3 gün sonra bakalım. Kat gerekebilir. Beslendi varroa 9 çıta.,40,F2024
K25_D2,25,2025-05-20,12,,Kat atıldı. Çift besleme.. Varroa. ,40,F2024
K25_D2,25,2025-05-24,13,,1 Telem 2 kabarmış kara petek ilave. Beslenndi. ,40,F2024
K25_D2,25,2025-05-27,17,,5. Kovandan Ballı polenli iki kabarmış petek ilave edildi.,40,F2024
K25_D2,25,2025-06-02,19,,1 Temel Petek. Gerisi kabarmış. Eklendi. Varroa. ,40,F2024
K25_D2,25,2025-06-14,19,,Yavru var. Varroa,40,F2024
K25_D2,25,2025-06-19,19,,Varroa,40,F2024
K25_D2,25,2025-06-26,19,,Varroa. İyi görünüyor. Kapalı yavrular var.,40,F2024
K25_D2,25,2025-07-05,19,,Varroa,40,F2024
K25_D2,25,2025-07-10,19,,Varroa,40,F2024
K25_D2,25,2025-07-24,19,,Çok yavrulu mozaik.,40,F2024
K25_D2,25,2025-08-04,16,3,3 ÇITA BAL ALINDI. Ballı ve yavrulu. Takip et.,40,F2024
K25_D2,25,2025-08-19,16,,Varroa. Alt Kapak Takıldı.,40,F2024
K25_D2,25,2025-08-23,8,6,7 Çıta alınndı. 2 BALLI ÇITA ALINDI. Kat alındı. ,40,F2024
K25_D2,25,2025-09-07,8,,Sıkışık Gayet iyi diurumda. Varroa 1. Gün,40,F2024
K25_D2,25,2025-09-10,8,,Varroa 2. Gün,40,F2024
K25_D2,25,2025-09-13,8,,Varroa 3. Gün,40,F2024
K25_D2,25,2025-10-13,8,,fondan almamış. İyi görünmüyor.,40,F2024
K25_D2,25,2025-11-13,8,,sönmüş. Güve çok fazla. Alttan hava alamamış gibi,40,F2024
K26_D1,26,2025-04-22,4,,Bölündü (6-1) - petek ve şurup verildi.,43,F2024
K26_D1,26,2025-04-23,4,,1 Temel Petek verildi. Besleme yapıldı,43,F2024
K26_D1,26,2025-04-25,4,,Çift besleme yapıldı. Petek kabartmaya devam. Varroa Vetorax.,43,F2024
K26_D1,26,2025-04-28,4,,Filizkıran rüzgarı sebebi ile yalnızca hızlıca besleme yapıldı.,43,F2024
K26_D1,26,2025-05-07,4,,İyi durumda petek ilavesi yok. Besleme yapıldı. Varroa. ,43,F2024
K26_D1,26,2025-05-10,4,,Varroa. İyi görünüyor. Beslendi. 1 Kabartılmış kara petek ilave yapıldı..,43,F2024
K26_D1,26,2025-05-14,,,İyi durumda. Biraz daha sıkışsın. 2-3 gün sonra bakalım. Kat gerekebilir. Beslendi varroa 9 çıta.,43,F2024
K26_D1,26,2025-05-20,,,Kat atıldı. Çift besleme.. Varroa. ,43,F2024
K26_D1,26,2025-05-24,6,,1 Temel petek ilave. Beslendi.,43,F2024
K26_D1,26,2025-05-27,,,5. Kovandan Ballı polenli iki kabarmış petek ilave edildi.,43,F2024
K26_D1,26,2025-06-02,8,,1 Temel Petek. Gerisi kabarmış. Eklendi. Varroa. ,43,F2024
K26_D1,26,2025-06-08,8,,,43,F2024
K26_D1,26,2025-06-14,8,,Ballık ilerliyor. Katta yavru görünmüyor.,43,F2024
K26_D1,26,2025-06-19,8,,Varroa,43,F2024
K26_D1,26,2025-06-26,10,,Varroa. İyi görünüyor. Kapalı yavrular var.,43,F2024
K26_D1,26,2025-07-05,14,,Varroa,43,F2024
K26_D1,26,2025-07-10,16,,Varroa,43,F2024
K26_D1,26,2025-07-24,18,,Ballı. Güzel.,43,F2024
K26_D1,26,2025-08-04,11,7,3 ÇITA BAL alındı.,43,F2024
K26_D1,26,2025-08-19,11,,Varroa. Alt Kapak Takıldı.,43,F2024
K26_D1,26,2025-08-23,8,2,"Kat alındı. 2 Boş, 6 BALLI ÇITA alındı.",43,F2024
K26_D1,26,2025-09-07,8,,Fena değil. Kötü değil. Varroa 1. Gün,43,F2024
K26_D1,26,2025-09-10,8,,Varroa 2. Gün,43,F2024
K26_D1,26,2025-09-13,8,,Varroa 3. Gün,43,F2024
K26_D1,26,2025-10-13,8,,Fondan almamış iyi görünmüyor.,43,F2024
K26_D1,26,2025-11-13,8,,sönmüş,43,F2024
K26_D1,26,2025-11-17,8,,,43,F2024
K26_D1,26,2025-11-22,8,,,43,F2024
K26_D1,26,2026-01-13,8,,,43,F2024
K26_D1,26,2026-01-20,8,,,43,F2024
K26_D1,26,2026-02-24,6,,,43,F2024
K26_D1,26,2026-02-25,6,,,43,F2024
K26_D1,26,2026-03-07,6,,,43,F2024
K26_D1,26,2026-03-10,6,,,43,F2024
K26_D1,26,2026-03-12,6,,,43,F2024
K26_D2,26,2025-05-09,,,Oğul yakalandı. Ovadan.. ,70,XO2025
K26_D2,26,2025-05-10,,,"3 kabartılmış, 1 temel petek verildi. Kek verildi. Varroa. ",70,XO2025
K26_D2,26,2025-05-14,,,Kek verildi. Varroa,70,XO2025
K26_D2,26,2025-05-20,3,,Kek Varroa.,70,XO2025
K26_D2,26,2025-05-24,4,,Yarım kek verildi. Polen var. Beklemeye devam.,70,XO2025
K26_D2,26,2025-06-02,4,,Kapalı ve günlükler var. Normal koloni düzeni. Beslenndi. Varroa. ,70,XO2025
K26_D2,26,2025-06-08,4,,Fondan verildi.,70,XO2025
K26_D2,26,2025-06-14,3,,1 Temel. 1 Kabarmış ilave.,70,XO2025
K26_D2,26,2025-06-19,3,,Varroa,70,XO2025
K26_D2,26,2025-06-28,,,Varroa.,70,XO2025
K26_D2,26,2025-07-05,,,Varroa,70,XO2025
K26_D2,26,2025-07-10,,,1 Kabarmış petek. Varro,70,XO2025
K26_D2,26,2025-07-24,,,1 kabarmış ilave. Ballı. Kat düşün.,70,XO2025
K26_D2,26,2025-08-05,,,4 ÇITA BAL alındı.,70,XO2025
K26_D2,26,2025-08-19,,,Varroa. Alt Kapak Takıldı.,70,XO2025
K26_D2,26,2025-08-23,,,3 çıta ilave,70,XO2025
K26_D2,26,2025-09-07,,,Gayet iyi durumda. Varroa 1. Gün,70,XO2025
K26_D2,26,2025-09-10,,,Varroa 2. Gün,70,XO2025
K26_D2,26,2025-09-13,,,Varroa 3. Gün,70,XO2025
K26_D2,26,2025-10-13,,,iyi görünüyor,70,XO2025
K26_D2,26,2025-11-13,,,Çuval invert şurup ,70,XO2025
K26_D2,26,2025-11-17,,,İnvert Şurup,70,XO2025
K26_D2,26,2025-11-22,,,İnvert Şurup,70,XO2025
K26_D2,26,2026-01-13,,,Oksalik asit damlatma,70,XO2025
K26_D2,26,2026-01-20,,,Oksalik Asit sprey,70,XO2025
K26_D2,26,2026-02-24,,,İyi görünüyor. Kapalı yavru var.  1/1 şerbet ile besleme yapıldı. Kalabalık. Kovan nemli. Kovanı değiştirelim.,70,XO2025
K26_D2,26,2026-02-25,,,26 No'lu kovan ile değiştirildi. Az besleme yapıldı. ,70,XO2025
K26_D2,26,2026-03-07,,,1 kapalı yavrulu çıtası alındı ve 9 a destek olarak verimdi. 26'ya alınan petek yerine kabarmış petek verildi.,70,XO2025
K26_D2,26,2026-03-10,,,İyi görünüyor. Besleme yapılmadı,70,XO2025
K26_D2,26,2026-03-12,,,müdahale yapılmadı. ,70,XO2025
K30_D1,30,2025-04-22,7,,25'den bölündü - şurup verildi.,58,25B2025
K30_D1,30,2025-04-23,5,,Zayıf. Besleme yapıldı.,58,25B2025
K30_D1,30,2025-04-25,6,,Ana gözleri var. Kapalı olan kırıldı. Besleme eskiden kalan bırakıldı. Varroa Vetorax.,58,25B2025
K30_D1,30,2025-04-28,6,,İşlem yapılmadı. Ortaya kova ile şerbet konuldu.,58,25B2025
K30_D1,30,2025-05-05,8,,,58,25B2025
K30_D1,30,2025-05-07,9,,İyi durumda. Varroa. ,58,25B2025
K30_D1,30,2025-05-10,14,,Varroa. İyi görünüyor.,58,25B2025
K30_D1,30,2025-05-14,12,,,58,25B2025
K30_D1,30,2025-05-20,12,,,58,25B2025
K30_D1,30,2025-05-24,13,,Yavru görülemedi. Bekle. Polenli ballı petekler var. ,58,25B2025
K30_D1,30,2025-06-02,19,,1 Adet kabarmış ilave edildi. Kapalı ve günlükler var. Normal koloni düzeni.,58,25B2025
K30_D1,30,2025-06-08,,,2 Çıta kabarmış eklendi.Fondan verildi.,58,25B2025
K30_D1,30,2025-06-14,19,,Varroa.  ,58,25B2025
K30_D1,30,2025-06-19,19,,Vannoa,58,25B2025
K30_D1,30,2025-06-26,19,,Son iki çıta boş. Fakat güçlü küpülı yavru var. Varroa.,58,25B2025
K30_D1,30,2025-07-05,19,,Varroa,58,25B2025
K30_D1,30,2025-07-10,19,,Varroa,58,25B2025
K30_D1,30,2025-07-13,22,,,58,25B2025
K30_D1,30,2025-07-24,22,,1 Telem petek ilave,58,25B2025
K30_D1,30,2025-08-05,11,11,işlem yok,58,25B2025
K30_D1,30,2025-08-19,11,,Varroa. Alt Kapak Takıldı.,58,25B2025
K30_D1,30,2025-08-23,7,2,İşlem yok,58,25B2025
K30_D1,30,2025-09-07,7,,Orta şeker. Varroa 1. Gün,58,25B2025
K30_D1,30,2025-09-10,7,,Varroa 2. Gün,58,25B2025
K30_D1,30,2025-09-13,7,,Varroa 3. Gün,58,25B2025
K30_D1,30,2025-10-13,7,,iyi görünüyor,58,25B2025
K30_D1,30,2025-11-13,7,,Çuval invert şurup ,58,25B2025
K30_D1,30,2025-11-17,7,,İnvert Şurup,58,25B2025
K30_D1,30,2025-11-22,7,,İnvert Şurup,58,25B2025
K30_D1,30,2026-01-13,7,,sönmüş,58,25B2025
K30_D1,30,2026-01-20,7,,,58,25B2025
K30_D1,30,2026-02-24,6,,,58,25B2025
K30_D1,30,2026-02-25,6,,,58,25B2025
K30_D1,30,2026-03-07,6,,,58,25B2025
K30_D1,30,2026-03-10,6,,,58,25B2025
K30_D1,30,2026-03-12,6,,,58,25B2025
K31_D1,31,2025-04-22,,,işlem yapılmadı,61,F2024
K31_D1,31,2025-04-23,,,Bölündü (9) - 1 kabarmış petek ve şurup verildi.,61,F2024
K31_D1,31,2025-04-25,,,Çift besleme yapıldı. 1 Çıta ilave yapıldı. Varroa Vetorax.,61,F2024
K31_D1,31,2025-04-28,,,Filizkıran rüzgarı sebebi ile yalnızca hızlıca besleme yapıldı.,61,F2024
K31_D1,31,2025-05-01,3,,,61,F2024
K31_D1,31,2025-05-05,,,Beslendi.,61,F2024
K31_D1,31,2025-05-07,4,,İyi durumda. 1 Temel petek. Varroa. Beslendi.,61,F2024
K31_D1,31,2025-05-10,4,,Kat atıldı. Karışık petek uygulandı. Varroa. Beslendi. ,61,F2024
K31_D1,31,2025-05-14,6,,1 Karakovan 1 temel pete alındı.  11 ve 16 ya yavrulu petekler verildi. Beslendi varroa. ,61,F2024
K31_D1,31,2025-05-20,6,,Beslendi varroa. ,61,F2024
K31_D1,31,2025-05-24,7,,"İyi durumda. 1 Kabarmış, kara petek ilave. Beslendi.",61,F2024
K31_D1,31,2025-06-02,8,,6 kabarmış petek ilave edildi. Çok iyi durumda. Kalabalık. Varroa. ,61,F2024
K31_D1,31,2025-06-08,10,,,61,F2024
K31_D1,31,2025-06-14,10,,Ballık ilerliyor. Katta yavru görünmüyor.,61,F2024
K31_D1,31,2025-06-19,14,,Varroa,61,F2024
K31_D1,31,2025-06-26,16,,Kalabalık. Ballı. Yavrular var. Varroa. Dışarı yayılmış. Şerbet poşeti kalmış. Çıkarmaya uğraştıkları için.,61,F2024
K31_D1,31,2025-07-05,17,,Varroa,61,F2024
K31_D1,31,2025-07-10,17,,Varroa,61,F2024
K31_D1,31,2025-07-13,19,,"1 Kabarmış, 1 Temel Petek, 1 Karakovan ilave edildi. Varroa.",61,F2024
K31_D1,31,2025-07-24,19,,3. Kat düşün?,61,F2024
K31_D1,31,2025-08-05,9,10,11 ÇITA BAL alındı. Süper bal yapmış.,61,F2024
K31_D1,31,2025-08-19,9,,Varroa. Alt Kapak Takıldı.,61,F2024
K31_D1,31,2025-08-23,8,1,2 Çıta boş. 2 ÇITA BALLI alındı.,61,F2024
K31_D1,31,2025-09-07,8,,6 idi 1 çıta 1 nolu kovandan aktarıldı. Kalabalık. İyi durumda Varroa 1. Gün,61,F2024
K31_D1,31,2025-09-10,8,,Varroa 2. Gün,61,F2024
K31_D1,31,2025-09-13,8,,Varroa 3. Gün,61,F2024
K31_D1,31,2025-10-13,7,,iyi görünüyor,61,F2024
K31_D1,31,2025-11-13,7,,Çuval invert şurup ,61,F2024
K31_D1,31,2025-11-17,7,,İnvert Şurup,61,F2024
K31_D1,31,2025-11-22,7,,İnvert Şurup,61,F2024
K31_D1,31,2026-01-13,7,,Oksalik asit damlatma,61,F2024
K31_D1,31,2026-01-20,7,,Oksalik Asit sprey,61,F2024
K31_D1,31,2026-02-24,7,,İyi görünüyor. Kapalı yavru var.  1/1 şerbet ile besleme yapıldı. Gereksiz çıtalar alındı.,61,F2024
K31_D1,31,2026-02-25,7,,Kapak nemi pürmüz ile kurutuldu. Az beslendi.,61,F2024
K31_D1,31,2026-03-07,7,,Gayet iyi görünüyor. Az besleme yapıldı.,61,F2024
K31_D1,31,2026-03-10,7,,Gayet iyi görünüyor. Az besleme yapıldı.,61,F2024
K31_D1,31,2026-03-12,7,,Çok az besleme yapıldı.,61,F2024
K39_D1,39,2025-04-22,4,,19'dan bölündü - şurup verildi.,46,19B2025
K39_D1,39,2025-04-23,4,,Güçlü - Besleme yapıldı.,46,19B2025
K39_D1,39,2025-04-25,4,,Ana gözü görülemedi. Şerbeti almamış. Varroa vetorax.,46,19B2025
K39_D1,39,2025-04-28,4,,İşlem yapılmadı. Ortaya kova ile şerbet konuldu.,46,19B2025
K39_D1,39,2025-05-07,5,,İyi durumda varroa,46,19B2025
K39_D1,39,2025-05-10,5,,Varroa. İyi görünüyor.,46,19B2025
K39_D1,39,2025-05-24,7,,"Günlükler var. Çok iyi. Kapalı yavrular. 1 Temel, 1 Kabarmış kara petek ilave. Besleme. Normal koloni düzeni. ",46,19B2025
K39_D1,39,2025-06-02,9,,"1 Kabarmış, 1 temel petek verildi. Yavrular var. Güçlü. Beslendi. Varroa.",46,19B2025
K39_D1,39,2025-06-08,10,,Fondan verildi.,46,19B2025
K39_D1,39,2025-06-14,10,,Varroa.  ,46,19B2025
K39_D1,39,2025-06-19,14,,Varroa,46,19B2025
K39_D1,39,2025-06-26,14,,Bal var. Yavru var. Çok iyi durumda. Sıkışmış. 2 ve 9. Çıtalalara ilave yapıldı. Varroa.,46,19B2025
K39_D1,39,2025-07-05,16,,"Kat atıldı. 1 Telem petek, 5 kabarmış ilave.",46,19B2025
K39_D1,39,2025-07-10,18,,"1 Telem, 1 Kabarmış ilave. Varroa",46,19B2025
K39_D1,39,2025-07-24,20,,2 kabarmış ilave.,46,19B2025
K39_D1,39,2025-08-04,13,7,7 ÇITA BAL alındı. ,46,19B2025
K39_D1,39,2025-08-19,13,,Varroa. Alt Kapak Takıldı.,46,19B2025
K39_D1,39,2025-08-23,8,2,1 Boş 2 BALLI ÇITA alındı.,46,19B2025
K39_D1,39,2025-09-07,8,,Fena değil. Varroa 1. Gün,46,19B2025
K39_D1,39,2025-09-10,8,,Varroa 2. Gün,46,19B2025
K39_D1,39,2025-09-13,8,,Varroa 3. Gün,46,19B2025
K39_D1,39,2025-10-13,8,,iyi görünüyor,46,19B2025
K39_D1,39,2025-11-13,8,,Çuval invert şurup ,46,19B2025
K39_D1,39,2025-11-17,8,,İnvert Şurup,46,19B2025
K39_D1,39,2025-11-22,8,,İnvert Şurup,46,19B2025
K39_D1,39,2026-01-13,8,,Oksalik asit damlatma,46,19B2025
K39_D1,39,2026-01-20,8,,Oksalik Asit sprey,46,19B2025
K39_D1,39,2026-02-24,8,,İyi görünüyor. Kapalı yavru var.  1/1 şerbet ile besleme yapıldı. Gereksiz çıtalar alındı. Kovan nemli. Kovan değiştir.,46,19B2025
K39_D1,39,2026-02-25,8,,39 No'lu kovan ile değiştirildi. Az besleme yapıldı.,46,19B2025
K39_D1,39,2026-03-07,8,,Gayet iyi görünüyor. Az besleme yapıldı.,46,19B2025
K39_D1,39,2026-03-10,8,,Gayet iyi görünüyor. Az besleme yapıldı.,46,19B2025
K39_D1,39,2026-03-12,7,,Gereksiz kabarmış petek alınarak 1 temel petek verlidi. Az besleme yapıldı.,46,19B2025
K39_D2,39,2025-06-08,,,3 Ten bölündü. Fondan verildi.,82,3B2025
K39_D2,39,2025-06-14,,,Ana yok gibi. Takip.,82,3B2025
K39_D2,39,2025-06-19,,,Varroa,82,3B2025
K39_D2,39,2025-06-28,,,Ana çıkarmış giib. Zayıf.,82,3B2025
K39_D2,39,2025-07-05,,,Varroa,82,3B2025
K39_D2,39,2025-07-10,,,Varroa,82,3B2025
K39_D2,39,2025-07-13,,,Ana yaplış Kapalı yavru var. Fena değil. 1 Çıta alındı. Varroa.,82,3B2025
K39_D2,39,2025-07-24,,,Varroa,82,3B2025
K39_D2,39,2025-08-05,,,İşlem Yok.,82,3B2025
K39_D2,39,2025-08-19,,,Varroa. Alt Kapak Takıldı.,82,3B2025
K39_D2,39,2025-08-23,,,1 Cıta alındı.,82,3B2025
K39_D2,39,2025-09-07,,,Çok zayıf. Varroa 1. Gün,82,3B2025
K39_D2,39,2025-09-10,,,Varroa 2. Gün,82,3B2025
K39_D2,39,2025-09-13,,,Varroa 3. Gün,82,3B2025
K39_D2,39,2025-10-13,,,Zayıf gidici,82,3B2025
K39_D2,39,2025-11-13,,,Çuval invert şurup ,82,3B2025
K39_D2,39,2025-11-17,,,İnvert Şurup,82,3B2025
K39_D2,39,2025-11-22,,,İnvert Şurup,82,3B2025
K39_D2,39,2026-01-13,,,Oksalik asit damlatma,82,3B2025
K39_D2,39,2026-01-20,,,sönmüş,82,3B2025
K40_D1,40,2025-05-03,,,"Oğul yakalandı. 15. Kovandan çıkmış. 3 Petek verildi. 2 Kara petek, 1 Temel Petek. Kek verildi.",67,15O2025
K40_D1,40,2025-05-07,,,1 Kara petek ilave. Keki yememiş. Varroa.,67,15O2025
K40_D1,40,2025-05-09,4,,,67,15O2025
K40_D1,40,2025-05-10,4,,Kek ile beslendi.  Varroa,67,15O2025
K40_D1,40,2025-05-14,4,,31'den yavrulu petek desteği verildi. İyi durumda günlük yumutalar var. Beslendi varroa. ,67,15O2025
K40_D1,40,2025-05-20,4,,Günlükler var. Beslendi. Varroa. Normal koloni bakım düzenine geçildi. ,67,15O2025
K40_D1,40,2025-05-24,4,,"1 Temel, 1 Kabarmış kara petek ilave. Yavrular var. Kapalılar var. Güvel görünüyor.",67,15O2025
K40_D1,40,2025-06-02,4,,Varroa.,67,15O2025
K40_D1,40,2025-06-08,4,,Fondan verildi.,67,15O2025
K40_D1,40,2025-06-14,8,,İki çıta ilave. Kalabalık. Kat takibi.,67,15O2025
K40_D1,40,2025-06-19,8,,Ful dolu kat takibi,67,15O2025
K40_D1,40,2025-06-26,,,"Sıkışık gayet güzel. Kat atılırken, kat uymadığı için kovan bölündü. Kovan değişecek.",67,15O2025
K40_D1,40,2025-06-28,8,,Kat atıldı. Kovan değişti. 16 nolu kovan 40 ile değişti. Kovan numarası 40 oldu. Herşey yolunda görünüyor. ,67,15O2025
K40_D1,40,2025-07-05,8,,Varroa.,67,15O2025
K40_D1,40,2025-07-10,9,,Varroa.,67,15O2025
K40_D1,40,2025-07-13,,,Varroa.,67,15O2025
K40_D1,40,2025-07-24,10,,1 Temel petek ilave. Güzel. Kabartıyor. ,67,15O2025
K40_D1,40,2025-08-05,6,4,7  ÇITA BAL alındı. ,67,15O2025
K40_D1,40,2025-08-19,6,,Varroa. Alt Kapak Takıldı.,67,15O2025
K40_D1,40,2025-08-23,9,,1 Çıta ilave,67,15O2025
K40_D1,40,2025-09-07,9,,Metal şurupluk yok. Varroset yapılacak. Fena değil. 1-2 çıta azaltılabilir belki. ,67,15O2025
K40_D1,40,2025-09-10,9,,Varroa Varroset 1. puf,67,15O2025
K40_D1,40,2025-09-13,9,,1 Çıta alındı ve şurupluk konuldu. Varroa 2. gün,67,15O2025
K40_D1,40,2025-10-13,9,,iyi görünüyor,67,15O2025
K40_D1,40,2025-11-13,9,,Çuval invert şurup ,67,15O2025
K40_D1,40,2025-11-17,9,,İnvert Şurup,67,15O2025
K40_D1,40,2025-11-22,9,,İnvert Şurup,67,15O2025
K40_D1,40,2026-01-13,9,,Oksalik asit damlatma,67,15O2025
K40_D1,40,2026-01-20,9,,Oksalik Asit sprey,67,15O2025
K40_D1,40,2026-02-24,9,,İyi görünüyor. Kapalı yavru var.  1/1 şerbet ile besleme yapıldı. Kalabalık,67,15O2025
K40_D1,40,2026-02-25,9,,Kapak nemi pürmüz ile kurutuldu.,67,15O2025
K40_D1,40,2026-03-07,9,,Ful dolu besleme yapılmadı. Gayet iyi görünüyor.,67,15O2025
K40_D1,40,2026-03-10,9,,Ful dolu besleme yapılmadı. Gayet iyi görünüyor.,67,15O2025
K40_D1,40,2026-03-12,9,,1 Kapalı yavrulu alındı. 19 a verildi. Alınan yavrulu petek yerine 1 Kabarmış boş petek verildi. Besleme yapılmadı.,67,15O2025
